ntree,mean_accuracy,mean_f1
1,0.8277939042089985,0.813614355652614
5,0.835377358490566,0.8178803821924026
10,0.8411465892597969,0.826773088784502
20,0.8563497822931787,0.8415096215201261
30,0.8468795355587808,0.8359926733268883
40,0.8545355587808418,0.8428894802676314
50,0.8487663280116109,0.8366965324105202
100,0.8603410740203193,0.8504796822371411
