k,mean_accuracy,mean_f1
1,0.7417540792540793,0.32064806309300453
5,0.9081585081585082,0.6789252349717466
10,0.9387480574980576,0.7581786350903997
20,0.9610431235431237,0.8374893488864077
30,0.960348679098679,0.8329187829923124
40,0.9666083916083915,0.859583165261783
50,0.9687062937062937,0.8648372624392549
